{
    "ca": [
        0.5009719729423523,
        0.512635350227356,
        0.512635350227356,
        0.512635350227356,
        0.512635350227356,
        0.512635350227356,
        0.512635350227356,
        0.512635350227356,
        0.512635350227356,
        0.512635350227356,
        0.512635350227356,
        0.512635350227356,
        0.512635350227356,
        0.512635350227356,
        0.512635350227356,
        0.512635350227356,
        0.512635350227356,
        0.512635350227356,
        0.512635350227356,
        0.512635350227356,
        0.512635350227356,
        0.512635350227356,
        0.512635350227356,
        0.512635350227356,
        0.512635350227356,
        0.512635350227356,
        0.512635350227356,
        0.512635350227356,
        0.512635350227356,
        0.512635350227356,
        0.512635350227356,
        0.512635350227356,
        0.512635350227356
    ],
    "epoch": [
        1,
        2,
        3,
        4,
        5,
        6,
        7,
        8,
        9,
        10,
        11,
        12,
        13,
        14,
        15,
        16,
        17,
        18,
        19,
        20,
        21,
        22,
        23,
        24,
        25,
        26,
        27,
        28,
        29,
        30,
        31,
        32,
        33
    ],
    "f1": [
        0.4695698618888855,
        0.33890214562416077,
        0.33890214562416077,
        0.33890214562416077,
        0.33890214562416077,
        0.33890214562416077,
        0.33890214562416077,
        0.33890214562416077,
        0.33890214562416077,
        0.33890214562416077,
        0.33890214562416077,
        0.33890214562416077,
        0.33890214562416077,
        0.33890214562416077,
        0.33890214562416077,
        0.33890214562416077,
        0.33890214562416077,
        0.33890214562416077,
        0.33890214562416077,
        0.33890214562416077,
        0.33890214562416077,
        0.33890214562416077,
        0.33890214562416077,
        0.33890214562416077,
        0.33890214562416077,
        0.33890214562416077,
        0.33890214562416077,
        0.33890214562416077,
        0.33890214562416077,
        0.33890214562416077,
        0.33890214562416077,
        0.33890214562416077,
        0.33890214562416077
    ],
    "loss": [
        0.6931232213973999,
        0.6930660009384155,
        0.6929914355278015,
        0.6929372549057007,
        0.692920982837677,
        0.6929044723510742,
        0.6928969025611877,
        0.6928983926773071,
        0.6928961277008057,
        0.6928637027740479,
        0.6928693056106567,
        0.6928961277008057,
        0.6928887963294983,
        0.6929007172584534,
        0.6928635835647583,
        0.6929150223731995,
        0.6928694248199463,
        0.692895770072937,
        0.6929100155830383,
        0.6928727030754089,
        0.6928812861442566,
        0.6928759813308716,
        0.6928724050521851,
        0.6928808093070984,
        0.6928837299346924,
        0.6928696036338806,
        0.6928589344024658,
        0.6928584575653076,
        0.6929007172584534,
        0.6928821206092834,
        0.6928842663764954,
        0.6928697824478149,
        0.692865788936615
    ],
    "val_ca": [
        0.5159090757369995,
        0.5159090757369995,
        0.5159090757369995,
        0.5159090757369995,
        0.5159090757369995,
        0.5159090757369995,
        0.5159090757369995,
        0.5159090757369995,
        0.5159090757369995,
        0.5159090757369995,
        0.5159090757369995,
        0.5159090757369995,
        0.5159090757369995,
        0.5159090757369995,
        0.5159090757369995,
        0.5159090757369995,
        0.5159090757369995,
        0.5159090757369995,
        0.5159090757369995,
        0.5159090757369995,
        0.5159090757369995,
        0.5159090757369995,
        0.5159090757369995,
        0.5159090757369995,
        0.5159090757369995,
        0.5159090757369995,
        0.5159090757369995,
        0.5159090757369995,
        0.5159090757369995,
        0.5159090757369995,
        0.5159090757369995,
        0.5159090757369995,
        0.5159090757369995
    ],
    "val_f1": [
        0.3403298258781433,
        0.3403298258781433,
        0.3403298258781433,
        0.3403298258781433,
        0.3403298258781433,
        0.3403298258781433,
        0.3403298258781433,
        0.3403298258781433,
        0.3403298258781433,
        0.3403298258781433,
        0.3403298258781433,
        0.3403298258781433,
        0.3403298258781433,
        0.3403298258781433,
        0.3403298258781433,
        0.3403298258781433,
        0.3403298258781433,
        0.3403298258781433,
        0.3403298258781433,
        0.3403298258781433,
        0.3403298258781433,
        0.3403298258781433,
        0.3403298258781433,
        0.3403298258781433,
        0.3403298258781433,
        0.3403298258781433,
        0.3403298258781433,
        0.3403298258781433,
        0.3403298258781433,
        0.3403298258781433,
        0.3403298258781433,
        0.3403298258781433,
        0.3403298258781433
    ],
    "val_loss": [
        0.6930161118507385,
        0.6929254531860352,
        0.6928229928016663,
        0.6927459239959717,
        0.6927148699760437,
        0.6926844120025635,
        0.6927058100700378,
        0.6926847100257874,
        0.6926751732826233,
        0.6926600337028503,
        0.6926507949829102,
        0.6926559209823608,
        0.6926465034484863,
        0.6926588416099548,
        0.6926611661911011,
        0.6926599144935608,
        0.6926562190055847,
        0.6926565170288086,
        0.6926639080047607,
        0.6926571130752563,
        0.6926694512367249,
        0.6926695108413696,
        0.692671000957489,
        0.6926804780960083,
        0.6926760077476501,
        0.6926610469818115,
        0.6926575303077698,
        0.6926553845405579,
        0.692663311958313,
        0.6926580667495728,
        0.6926683187484741,
        0.6926679015159607,
        0.6926656365394592
    ]
}