{
    "ca": [
        0.5118022561073303,
        0.512635350227356,
        0.512635350227356,
        0.512635350227356,
        0.512635350227356,
        0.512635350227356,
        0.512635350227356,
        0.512635350227356,
        0.512635350227356,
        0.512635350227356,
        0.512635350227356,
        0.512635350227356,
        0.512635350227356,
        0.512635350227356,
        0.512635350227356,
        0.512635350227356,
        0.512635350227356,
        0.512635350227356,
        0.512635350227356,
        0.512635350227356,
        0.512635350227356,
        0.512635350227356,
        0.512635350227356,
        0.512635350227356,
        0.512635350227356,
        0.512635350227356,
        0.512635350227356,
        0.512635350227356,
        0.512635350227356,
        0.512635350227356,
        0.512635350227356,
        0.512635350227356,
        0.512635350227356,
        0.512635350227356,
        0.512635350227356
    ],
    "epoch": [
        1,
        2,
        3,
        4,
        5,
        6,
        7,
        8,
        9,
        10,
        11,
        12,
        13,
        14,
        15,
        16,
        17,
        18,
        19,
        20,
        21,
        22,
        23,
        24,
        25,
        26,
        27,
        28,
        29,
        30,
        31,
        32,
        33,
        34,
        35
    ],
    "f1": [
        0.3417457044124603,
        0.33890214562416077,
        0.33890214562416077,
        0.33890214562416077,
        0.33890214562416077,
        0.33890214562416077,
        0.33890214562416077,
        0.33890214562416077,
        0.33890214562416077,
        0.33890214562416077,
        0.33890214562416077,
        0.33890214562416077,
        0.33890214562416077,
        0.33890214562416077,
        0.33890214562416077,
        0.33890214562416077,
        0.33890214562416077,
        0.33890214562416077,
        0.33890214562416077,
        0.33890214562416077,
        0.33890214562416077,
        0.33890214562416077,
        0.33890214562416077,
        0.33890214562416077,
        0.33890214562416077,
        0.33890214562416077,
        0.33890214562416077,
        0.33890214562416077,
        0.33890214562416077,
        0.33890214562416077,
        0.33890214562416077,
        0.33890214562416077,
        0.33890214562416077,
        0.33890214562416077,
        0.33890214562416077
    ],
    "loss": [
        0.6931255459785461,
        0.6930361390113831,
        0.69295334815979,
        0.6929469108581543,
        0.6928913593292236,
        0.6929013133049011,
        0.6928611993789673,
        0.6928997039794922,
        0.6928755044937134,
        0.6928631663322449,
        0.6929079294204712,
        0.6928828954696655,
        0.6929225325584412,
        0.6928802728652954,
        0.6929062604904175,
        0.692876398563385,
        0.6928789615631104,
        0.6928780674934387,
        0.6928809881210327,
        0.6928679347038269,
        0.6929011344909668,
        0.692894458770752,
        0.6928753852844238,
        0.6928948163986206,
        0.6928817629814148,
        0.6928888559341431,
        0.6928983926773071,
        0.6928816437721252,
        0.69289231300354,
        0.6928961277008057,
        0.6929101943969727,
        0.692864179611206,
        0.6928552985191345,
        0.6928754448890686,
        0.6928982734680176
    ],
    "val_ca": [
        0.5159090757369995,
        0.5159090757369995,
        0.5159090757369995,
        0.5159090757369995,
        0.5159090757369995,
        0.5159090757369995,
        0.5159090757369995,
        0.5159090757369995,
        0.5159090757369995,
        0.5159090757369995,
        0.5159090757369995,
        0.5159090757369995,
        0.5159090757369995,
        0.5159090757369995,
        0.5159090757369995,
        0.5159090757369995,
        0.5159090757369995,
        0.5159090757369995,
        0.5159090757369995,
        0.5159090757369995,
        0.5159090757369995,
        0.5159090757369995,
        0.5159090757369995,
        0.5159090757369995,
        0.5159090757369995,
        0.5159090757369995,
        0.5159090757369995,
        0.5159090757369995,
        0.5159090757369995,
        0.5159090757369995,
        0.5159090757369995,
        0.5159090757369995,
        0.5159090757369995,
        0.5159090757369995,
        0.5159090757369995
    ],
    "val_f1": [
        0.3403298258781433,
        0.3403298258781433,
        0.3403298258781433,
        0.3403298258781433,
        0.3403298258781433,
        0.3403298258781433,
        0.3403298258781433,
        0.3403298258781433,
        0.3403298258781433,
        0.3403298258781433,
        0.3403298258781433,
        0.3403298258781433,
        0.3403298258781433,
        0.3403298258781433,
        0.3403298258781433,
        0.3403298258781433,
        0.3403298258781433,
        0.3403298258781433,
        0.3403298258781433,
        0.3403298258781433,
        0.3403298258781433,
        0.3403298258781433,
        0.3403298258781433,
        0.3403298258781433,
        0.3403298258781433,
        0.3403298258781433,
        0.3403298258781433,
        0.3403298258781433,
        0.3403298258781433,
        0.3403298258781433,
        0.3403298258781433,
        0.3403298258781433,
        0.3403298258781433,
        0.3403298258781433,
        0.3403298258781433
    ],
    "val_loss": [
        0.693019449710846,
        0.6928566098213196,
        0.6927592158317566,
        0.6927245855331421,
        0.6926961541175842,
        0.6926974058151245,
        0.6926807761192322,
        0.6926816701889038,
        0.6926799416542053,
        0.692678689956665,
        0.6926679015159607,
        0.6926643252372742,
        0.6926639080047607,
        0.6926705241203308,
        0.6926561594009399,
        0.6926594376564026,
        0.6926681995391846,
        0.6926757097244263,
        0.6926646828651428,
        0.6926632523536682,
        0.6926805973052979,
        0.6926775574684143,
        0.6926730275154114,
        0.6926683783531189,
        0.692665159702301,
        0.6926621198654175,
        0.6926660537719727,
        0.6926590800285339,
        0.6926573514938354,
        0.6926599740982056,
        0.6926676630973816,
        0.692665696144104,
        0.692664384841919,
        0.6926596164703369,
        0.6926590204238892
    ]
}