{
    "ca": [
        0.5267981290817261,
        0.6964731812477112,
        0.8286586999893188,
        0.905026376247406,
        0.9483476877212524,
        0.9750069379806519,
        0.9900027513504028,
        0.9966675639152527,
        0.9988892078399658,
        1.0,
        1.0,
        1.0,
        1.0,
        1.0,
        1.0,
        1.0,
        1.0,
        1.0,
        1.0,
        1.0,
        1.0,
        1.0,
        1.0,
        1.0
    ],
    "epoch": [
        1,
        2,
        3,
        4,
        5,
        6,
        7,
        8,
        9,
        10,
        11,
        12,
        13,
        14,
        15,
        16,
        17,
        18,
        19,
        20,
        21,
        22,
        23,
        24
    ],
    "f1": [
        0.52394038438797,
        0.6955897212028503,
        0.8284350633621216,
        0.9049118757247925,
        0.9483053684234619,
        0.9749902486801147,
        0.9899969100952148,
        0.996665358543396,
        0.9988884329795837,
        1.0,
        1.0,
        1.0,
        1.0,
        1.0,
        1.0,
        1.0,
        1.0,
        1.0,
        1.0,
        1.0,
        1.0,
        1.0,
        1.0,
        1.0
    ],
    "loss": [
        0.7252184748649597,
        0.5992530584335327,
        0.5038711428642273,
        0.41885608434677124,
        0.3398377299308777,
        0.2669847309589386,
        0.20136764645576477,
        0.14633989334106445,
        0.10236435383558273,
        0.06946365535259247,
        0.04629148542881012,
        0.030797019600868225,
        0.020572055131196976,
        0.013855364173650742,
        0.009424930438399315,
        0.00650733383372426,
        0.004533587023615837,
        0.0031930103432387114,
        0.0022675839718431234,
        0.0016261168057098985,
        0.0011750792618840933,
        0.0008529743063263595,
        0.0006239554495550692,
        0.0004592632467392832
    ],
    "val_ca": [
        0.5371212363243103,
        0.5613636374473572,
        0.5734848380088806,
        0.585606038570404,
        0.5939394235610962,
        0.596969723701477,
        0.5954545736312866,
        0.6000000238418579,
        0.6030303239822388,
        0.603787899017334,
        0.6060606241226196,
        0.603787899017334,
        0.6045454740524292,
        0.6053030490875244,
        0.6015151739120483,
        0.6053030490875244,
        0.6007575988769531,
        0.6030303239822388,
        0.6007575988769531,
        0.6015151739120483,
        0.5977272987365723,
        0.6000000238418579,
        0.5992424488067627,
        0.596969723701477
    ],
    "val_f1": [
        0.5359960794448853,
        0.5606553554534912,
        0.5719516277313232,
        0.5848853588104248,
        0.5925165414810181,
        0.5965213775634766,
        0.5943781137466431,
        0.598373532295227,
        0.6022084355354309,
        0.603405237197876,
        0.6050732731819153,
        0.603405237197876,
        0.603671133518219,
        0.6050561666488647,
        0.6012808084487915,
        0.604712963104248,
        0.6004767417907715,
        0.6025476455688477,
        0.6002066731452942,
        0.6009426116943359,
        0.5970277190208435,
        0.5993783473968506,
        0.5988553762435913,
        0.5967326760292053
    ],
    "val_loss": [
        0.7056235671043396,
        0.6919170022010803,
        0.6847353577613831,
        0.6820672750473022,
        0.6846697926521301,
        0.6914162039756775,
        0.705998420715332,
        0.7284740805625916,
        0.7544279098510742,
        0.7880913019180298,
        0.8260213136672974,
        0.8644333481788635,
        0.9117134809494019,
        0.9499378800392151,
        0.9926653504371643,
        1.0355104207992554,
        1.0799400806427002,
        1.1249558925628662,
        1.169836163520813,
        1.2131896018981934,
        1.2576003074645996,
        1.2996125221252441,
        1.340528964996338,
        1.3832087516784668
    ]
}