{
    "ca": [
        0.510136067867279,
        0.512635350227356,
        0.512635350227356,
        0.512635350227356,
        0.512635350227356,
        0.512635350227356,
        0.512635350227356,
        0.512635350227356,
        0.512635350227356,
        0.512635350227356,
        0.512635350227356,
        0.512635350227356,
        0.512635350227356,
        0.512635350227356,
        0.512635350227356,
        0.512635350227356,
        0.512635350227356,
        0.512635350227356,
        0.512635350227356,
        0.512635350227356,
        0.512635350227356,
        0.512635350227356,
        0.512635350227356,
        0.512635350227356,
        0.512635350227356,
        0.512635350227356,
        0.512635350227356,
        0.512635350227356,
        0.512635350227356,
        0.512635350227356,
        0.512635350227356,
        0.512635350227356,
        0.512635350227356,
        0.512635350227356,
        0.512635350227356,
        0.512635350227356,
        0.512635350227356,
        0.512635350227356,
        0.512635350227356
    ],
    "epoch": [
        1,
        2,
        3,
        4,
        5,
        6,
        7,
        8,
        9,
        10,
        11,
        12,
        13,
        14,
        15,
        16,
        17,
        18,
        19,
        20,
        21,
        22,
        23,
        24,
        25,
        26,
        27,
        28,
        29,
        30,
        31,
        32,
        33,
        34,
        35,
        36,
        37,
        38,
        39
    ],
    "f1": [
        0.41244253516197205,
        0.33890214562416077,
        0.33890214562416077,
        0.33890214562416077,
        0.33890214562416077,
        0.33890214562416077,
        0.33890214562416077,
        0.33890214562416077,
        0.33890214562416077,
        0.33890214562416077,
        0.33890214562416077,
        0.33890214562416077,
        0.33890214562416077,
        0.33890214562416077,
        0.33890214562416077,
        0.33890214562416077,
        0.33890214562416077,
        0.33890214562416077,
        0.33890214562416077,
        0.33890214562416077,
        0.33890214562416077,
        0.33890214562416077,
        0.33890214562416077,
        0.33890214562416077,
        0.33890214562416077,
        0.33890214562416077,
        0.33890214562416077,
        0.33890214562416077,
        0.33890214562416077,
        0.33890214562416077,
        0.33890214562416077,
        0.33890214562416077,
        0.33890214562416077,
        0.33890214562416077,
        0.33890214562416077,
        0.33890214562416077,
        0.33890214562416077,
        0.33890214562416077,
        0.33890214562416077
    ],
    "loss": [
        0.6931235194206238,
        0.6930041909217834,
        0.6929692625999451,
        0.6929378509521484,
        0.6928977370262146,
        0.692883312702179,
        0.6928816437721252,
        0.6928915977478027,
        0.6929302215576172,
        0.6928837895393372,
        0.6929168105125427,
        0.6928807497024536,
        0.692895233631134,
        0.6928808689117432,
        0.6928943395614624,
        0.69289231300354,
        0.6928983926773071,
        0.6929169297218323,
        0.6928620338439941,
        0.6928855180740356,
        0.692898154258728,
        0.6928764581680298,
        0.6928995847702026,
        0.692908763885498,
        0.6928548812866211,
        0.6928850412368774,
        0.6929042339324951,
        0.6928697824478149,
        0.6928662061691284,
        0.692864179611206,
        0.6929065585136414,
        0.6928470730781555,
        0.6928867101669312,
        0.692864179611206,
        0.6928855180740356,
        0.6929029822349548,
        0.6928718686103821,
        0.692859947681427,
        0.6928636431694031
    ],
    "val_ca": [
        0.5159090757369995,
        0.5159090757369995,
        0.5159090757369995,
        0.5159090757369995,
        0.5159090757369995,
        0.5159090757369995,
        0.5159090757369995,
        0.5159090757369995,
        0.5159090757369995,
        0.5159090757369995,
        0.5159090757369995,
        0.5159090757369995,
        0.5159090757369995,
        0.5159090757369995,
        0.5159090757369995,
        0.5159090757369995,
        0.5159090757369995,
        0.5159090757369995,
        0.5159090757369995,
        0.5159090757369995,
        0.5159090757369995,
        0.5159090757369995,
        0.5159090757369995,
        0.5159090757369995,
        0.5159090757369995,
        0.5159090757369995,
        0.5159090757369995,
        0.5159090757369995,
        0.5159090757369995,
        0.5159090757369995,
        0.5159090757369995,
        0.5159090757369995,
        0.5159090757369995,
        0.5159090757369995,
        0.5159090757369995,
        0.5159090757369995,
        0.5159090757369995,
        0.5159090757369995,
        0.5159090757369995
    ],
    "val_f1": [
        0.3403298258781433,
        0.3403298258781433,
        0.3403298258781433,
        0.3403298258781433,
        0.3403298258781433,
        0.3403298258781433,
        0.3403298258781433,
        0.3403298258781433,
        0.3403298258781433,
        0.3403298258781433,
        0.3403298258781433,
        0.3403298258781433,
        0.3403298258781433,
        0.3403298258781433,
        0.3403298258781433,
        0.3403298258781433,
        0.3403298258781433,
        0.3403298258781433,
        0.3403298258781433,
        0.3403298258781433,
        0.3403298258781433,
        0.3403298258781433,
        0.3403298258781433,
        0.3403298258781433,
        0.3403298258781433,
        0.3403298258781433,
        0.3403298258781433,
        0.3403298258781433,
        0.3403298258781433,
        0.3403298258781433,
        0.3403298258781433,
        0.3403298258781433,
        0.3403298258781433,
        0.3403298258781433,
        0.3403298258781433,
        0.3403298258781433,
        0.3403298258781433,
        0.3403298258781433,
        0.3403298258781433
    ],
    "val_loss": [
        0.6929730176925659,
        0.6928414702415466,
        0.6927874088287354,
        0.6927593350410461,
        0.6927194595336914,
        0.6926940679550171,
        0.6926918029785156,
        0.6927047967910767,
        0.6926872730255127,
        0.692677915096283,
        0.6926748752593994,
        0.6926602125167847,
        0.6926586031913757,
        0.692652702331543,
        0.6926591992378235,
        0.6926525235176086,
        0.6926621198654175,
        0.6926650404930115,
        0.6926475167274475,
        0.6926597356796265,
        0.6926613450050354,
        0.6926782131195068,
        0.6926835775375366,
        0.6926658749580383,
        0.6926584243774414,
        0.6926583051681519,
        0.6926595568656921,
        0.6926771402359009,
        0.692680835723877,
        0.692674458026886,
        0.6926749348640442,
        0.6926736831665039,
        0.6926712393760681,
        0.6926752924919128,
        0.6926711797714233,
        0.69266277551651,
        0.6926635503768921,
        0.6926584243774414,
        0.6926621794700623
    ]
}