{
    "trn_set_metrics": {
        "ca": 0.512635350227356,
        "f1": 0.33890214562416077,
        "loss": 0.692831814289093
    },
    "tst_set_metrics": {
        "ca": 0.5159090757369995,
        "f1": 0.3403298258781433,
        "loss": 0.6926476955413818
    }
}