{
    "trn_set_metrics": {
        "ca": 0.512635350227356,
        "f1": 0.33890214562416077,
        "loss": 0.6928277611732483
    },
    "tst_set_metrics": {
        "ca": 0.5159090757369995,
        "f1": 0.3403298258781433,
        "loss": 0.6926622986793518
    }
}