{
    "trn_set_metrics": {
        "ca": 0.9566786885261536,
        "f1": 0.9566446542739868,
        "loss": 0.34556376934051514
    },
    "tst_set_metrics": {
        "ca": 0.585606038570404,
        "f1": 0.5848853588104248,
        "loss": 0.6820672750473022
    }
}